sweep,tag,repeat,ms_per_step,setup_s,n_levels,log2_hashmap_size,finest_resolution
siren,SIREN h=96 d=5,0,1.8946,0.0585,,,
siren,SIREN h=96 d=5,1,2.0968,0.0161,,,
siren,SIREN h=96 d=5,2,2.0468,0.0245,,,
L,L=2 T=9 Nmax=32,0,12.2277,-0.0869,2,9,32
L,L=2 T=9 Nmax=32,1,11.8401,-0.0473,2,9,32
L,L=2 T=9 Nmax=32,2,11.5287,-0.0632,2,9,32
L,L=4 T=9 Nmax=32,0,21.3687,0.0693,4,9,32
L,L=4 T=9 Nmax=32,1,20.2074,0.1884,4,9,32
L,L=4 T=9 Nmax=32,2,23.1519,-0.3637,4,9,32
L,L=6 T=9 Nmax=32,0,27.6776,-0.0152,6,9,32
L,L=6 T=9 Nmax=32,1,25.9514,-0.0061,6,9,32
L,L=6 T=9 Nmax=32,2,27.8395,-0.0633,6,9,32
L,L=8 T=9 Nmax=32,0,33.2119,-0.2228,8,9,32
L,L=8 T=9 Nmax=32,1,37.8594,0.1208,8,9,32
L,L=8 T=9 Nmax=32,2,33.7272,0.2965,8,9,32
L,L=10 T=9 Nmax=32,0,36.7935,0.9311,10,9,32
L,L=10 T=9 Nmax=32,1,47.758,-0.2032,10,9,32
L,L=10 T=9 Nmax=32,2,41.8025,0.1052,10,9,32
L,L=12 T=9 Nmax=32,0,46.3314,0.9426,12,9,32
L,L=12 T=9 Nmax=32,1,51.4071,0.3002,12,9,32
L,L=12 T=9 Nmax=32,2,51.4973,0.3655,12,9,32
L,L=14 T=9 Nmax=32,0,47.6119,0.9958,14,9,32
L,L=14 T=9 Nmax=32,1,45.9532,0.5586,14,9,32
L,L=14 T=9 Nmax=32,2,59.7574,0.2752,14,9,32
L,L=16 T=9 Nmax=32,0,51.3777,0.1722,16,9,32
L,L=16 T=9 Nmax=32,1,53.2894,-0.3975,16,9,32
L,L=16 T=9 Nmax=32,2,49.7032,-0.1504,16,9,32
T,L=8 T=9 Nmax=32,0,34.7211,-0.3828,8,9,32
T,L=8 T=9 Nmax=32,1,31.8009,0.4354,8,9,32
T,L=8 T=9 Nmax=32,2,32.8736,0.0764,8,9,32
T,L=8 T=11 Nmax=32,0,36.2681,-0.4392,8,11,32
T,L=8 T=11 Nmax=32,1,27.0305,1.3886,8,11,32
T,L=8 T=11 Nmax=32,2,33.4702,0.3918,8,11,32
T,L=8 T=13 Nmax=32,0,36.2295,-0.0852,8,13,32
T,L=8 T=13 Nmax=32,1,35.9933,-0.4963,8,13,32
T,L=8 T=13 Nmax=32,2,36.8613,0.0326,8,13,32
T,L=8 T=14 Nmax=32,0,36.405,-0.2918,8,14,32
T,L=8 T=14 Nmax=32,1,33.2816,0.2201,8,14,32
T,L=8 T=14 Nmax=32,2,34.3317,0.3299,8,14,32
T,L=8 T=15 Nmax=32,0,35.4387,-1.4362,8,15,32
T,L=8 T=15 Nmax=32,1,34.1603,0.1307,8,15,32
T,L=8 T=15 Nmax=32,2,34.0737,0.0913,8,15,32
T,L=8 T=17 Nmax=32,0,34.9657,0.1867,8,17,32
T,L=8 T=17 Nmax=32,1,33.7887,0.106,8,17,32
T,L=8 T=17 Nmax=32,2,32.7985,0.6772,8,17,32
T,L=8 T=19 Nmax=32,0,35.0295,0.0357,8,19,32
T,L=8 T=19 Nmax=32,1,37.7542,-0.2688,8,19,32
T,L=8 T=19 Nmax=32,2,37.5871,-0.4133,8,19,32
N,L=8 T=9 Nmax=16,0,30.5605,0.51,8,9,16
N,L=8 T=9 Nmax=16,1,28.8274,-0.0464,8,9,16
N,L=8 T=9 Nmax=16,2,27.0321,0.2026,8,9,16
N,L=8 T=9 Nmax=32,0,26.6675,0.0463,8,9,32
N,L=8 T=9 Nmax=32,1,34.3265,-0.3189,8,9,32
N,L=8 T=9 Nmax=32,2,26.6303,0.9526,8,9,32
N,L=8 T=9 Nmax=64,0,29.1227,0.2405,8,9,64
N,L=8 T=9 Nmax=64,1,34.2298,-0.0853,8,9,64
N,L=8 T=9 Nmax=64,2,27.7598,1.3734,8,9,64
N,L=8 T=9 Nmax=128,0,36.5874,-0.7192,8,9,128
N,L=8 T=9 Nmax=128,1,30.5619,0.2565,8,9,128
N,L=8 T=9 Nmax=128,2,30.8512,0.4632,8,9,128
N,L=8 T=9 Nmax=256,0,34.9384,-0.9248,8,9,256
N,L=8 T=9 Nmax=256,1,35.8593,0.0002,8,9,256
N,L=8 T=9 Nmax=256,2,33.6215,-1.4395,8,9,256
paper,L=8 T=9 Nmax=32,0,34.7151,0.1327,8,9,32
paper,L=8 T=9 Nmax=32,1,35.6383,0.2429,8,9,32
paper,L=8 T=9 Nmax=32,2,31.6034,0.3496,8,9,32
paper,L=10 T=13 Nmax=128,0,37.5374,0.2587,10,13,128
paper,L=10 T=13 Nmax=128,1,42.4679,-0.7331,10,13,128
paper,L=10 T=13 Nmax=128,2,43.5292,-0.8242,10,13,128
paper,L=12 T=14 Nmax=128,0,51.1313,0.166,12,14,128
paper,L=12 T=14 Nmax=128,1,48.7917,0.394,12,14,128
paper,L=12 T=14 Nmax=128,2,47.4598,0.741,12,14,128
