sweep,tag,n_levels,log2_hashmap_size,finest_resolution,ms_per_step_median,ms_per_step_min,ms_per_step_max,ms_per_level,hash_table_params
siren,SIREN h=96 d=5,,,,2.0467852652072906,1.8946350440382957,2.096759542822838,,
L,L=2 T=9 Nmax=32,2,9,32,11.840090729296207,11.528663590550423,12.227705113589764,5.920045364648104,2048
L,L=4 T=9 Nmax=32,4,9,32,21.368701741099358,20.20737235248089,23.15189243108034,5.342175435274839,4096
L,L=6 T=9 Nmax=32,6,9,32,27.677572526037693,25.95139442384243,27.839465484023094,4.612928754339616,6144
L,L=8 T=9 Nmax=32,8,9,32,33.72719648480415,33.21193470060825,37.85937915742397,4.215899560600519,8192
L,L=10 T=9 Nmax=32,10,9,32,41.802468687295914,36.7934834510088,47.75804818421602,4.180246868729592,10240
L,L=12 T=9 Nmax=32,12,9,32,51.407067611813545,46.33139532804489,51.49726178497076,4.283922300984462,12288
L,L=14 T=9 Nmax=32,14,9,32,47.611908212304115,45.953237771987915,59.75741586834192,3.400850586593151,14336
L,L=16 T=9 Nmax=32,16,9,32,51.37767677009106,49.703189976513386,53.28941101580858,3.211104798130691,16384
T,L=8 T=9 Nmax=32,8,9,32,32.87359271198511,31.800941571593285,34.721138536930084,4.109199088998139,8192
T,L=8 T=11 Nmax=32,8,11,32,33.470200665295124,27.03051172941923,36.2680559232831,4.1837750831618905,32768
T,L=8 T=13 Nmax=32,8,13,32,36.22946561127901,35.99332886189222,36.86126707494259,4.528683201409876,131072
T,L=8 T=14 Nmax=32,8,14,32,34.33170406520367,33.28164453804493,36.40497852861881,4.291463008150458,262144
T,L=8 T=15 Nmax=32,8,15,32,34.16034668684006,34.07367807626724,35.43865729868412,4.270043335855007,524288
T,L=8 T=17 Nmax=32,8,17,32,33.78870802372694,32.79848613590002,34.96568167954683,4.2235885029658675,2097152
T,L=8 T=19 Nmax=32,8,19,32,37.5870938077569,35.02949669957161,37.7542387843132,4.698386725969613,8388608
N,L=8 T=9 Nmax=16,8,9,16,28.82743977755308,27.032080456614494,30.56047473847866,3.603429972194135,8192
N,L=8 T=9 Nmax=32,8,9,32,26.667494416236877,26.630339220166206,34.326517052948475,3.3334368020296097,8192
N,L=8 T=9 Nmax=64,8,9,64,29.12269888818264,27.75976212322712,34.22983565926552,3.64033736102283,8192
N,L=8 T=9 Nmax=128,8,9,128,30.85124022513628,30.561903059482574,36.587408035993576,3.856405028142035,8192
N,L=8 T=9 Nmax=256,8,9,256,34.938350543379784,33.62148191034794,35.85931012034416,4.367293817922473,8192
paper,L=8 T=9 Nmax=32,8,9,32,34.71509715169668,31.603390507400032,35.63830605894327,4.339387143962085,8192
paper,L=10 T=13 Nmax=128,10,13,128,42.46785381436348,37.537364669144154,43.52923792600632,4.246785381436348,163840
paper,L=12 T=14 Nmax=128,12,14,128,48.79169798642397,47.45975459367037,51.131260350346565,4.065974832201998,393216
