domain,method,encode_time_mean,encode_time_std,decode_time_mean,decode_time_std,peak_memory_mean,peak_memory_std,compression_ratio_mean,compression_ratio_std,rmse_mean,rmse_std,max_abs_error_mean,max_abs_error_std,spectral_error_mean,spectral_error_std,passes_b_low_rate,passes_b_mid_rate,passes_b_high_rate,n_runs
small,pca,0.006431856937706421,0.008123502669150014,0.0002830700948834,1.537048934363065e-05,,,12.401215805471123,0.0,0.3389325082302093,1.3328003743819569e-08,2.760197067260742,8.465706261055752e-06,871.8718505859375,0.017321224620517044,0.0,0.0,0.0,5
small,siren,36.53710041437298,1.1649109870041843,0.00478480514138934,0.00045868581216636765,90.806640625,0.0,2.919769938243791,0.0,0.269434267282486,0.016751032930368576,2.1187179565429686,0.13025987839451747,1151512.55,169166.81353753217,0.0,0.0,0.0,5
small,hashgrid,469.34839740023017,8.051297843537196,0.0357718784362077,0.0014161427793641878,47.34130859375,0.0,8.156978896704924,0.0,1.1596010208129883,0.0934229176553861,6.675926208496094,0.7630123654882683,9971052.7,1940180.855688768,0.0,0.0,0.0,5
medium,pca,0.49706071596592666,0.1139577911741389,0.09797004722058768,0.0019418195999307635,,,48.84581497797357,0.0,0.7579318165779114,6.529361694035945e-08,6.571054840087891,1.5923791095531334e-05,1739529.8,16.04110929769796,0.0,0.0,0.0,5
medium,siren,71.61880063004791,7.163995805179153,0.05598702561110251,0.0024665534554598363,111.47041015625,0.26269431415353994,36.73566752365554,0.0,0.8327257752418518,0.0112871145224055,5.637554931640625,0.34707228983453825,755682483.2,50128483.01307595,0.0,0.0,0.0,5
medium,hashgrid,743.3144807076081,15.493631502988178,0.45160946492105725,0.061421364391277704,72.0693359375,0.0,8.181383515633762,0.0,1.8230705261230469,0.006972065649902339,13.268753814697266,1.1756009700317147,4500943974.4,62558125.03355976,0.0,0.0,0.0,5
large,pca,0.8192188937216998,0.09305477318606306,0.15311308223754166,0.046245907934431514,,,58.06724664942394,0.0,0.7369970202445983,1.1465182341790634e-07,8.088970947265626,3.19160471537112e-06,15035922.8,99.58764983671804,0.0,0.0,0.0,5
large,siren,206.23218151181936,4.0575148572355095,0.15039444025605914,0.001223264174404224,145.650390625,0.0,98.18442047231572,0.0,0.9036471009254455,0.005508625009121939,8.661077117919922,0.32518815613411906,3920161024.0,104051580.04010803,0.0,0.0,0.0,5
large,hashgrid,2339.2058965515344,46.800020854805155,1.321428352035582,0.015082448699448239,113.20361328125,0.0,9.283256607717002,0.0,1.221977996826172,0.027574593050045698,9.634573364257813,0.5575986060709991,12872489574.4,742524913.268037,0.0,0.0,0.0,5
