domain,method,seed,repeat_idx,encode_time_s,decode_time_s,peak_memory_mb,compression_ratio,rmse,max_abs_error,spectral_error,error_bound_low,error_bound_mid,error_bound_high,passes_b_low,passes_b_mid,passes_b_high
small,pca,0,0,0.020962459035217762,0.00026235729455947876,,12.401215805471125,0.33893251419067383,2.7602005004882812,871.8746337890625,0.07713836431503296,0.1320246309041977,0.17217408120632172,False,False,False
small,pca,1,1,0.0027358559891581535,0.00027113035321235657,,12.401215805471125,0.33893251419067383,2.7601890563964844,871.8955078125,0.07713836431503296,0.1320246309041977,0.17217408120632172,False,False,False
small,pca,2,2,0.0027032261714339256,0.0002974197268486023,,12.401215805471125,0.33893248438835144,2.7602100372314453,871.878662109375,0.07713836431503296,0.1320246309041977,0.17217408120632172,False,False,False
small,pca,3,3,0.0029690582305192947,0.00029232166707515717,,12.401215805471125,0.33893251419067383,2.760194778442383,871.8511352539062,0.07713836431503296,0.1320246309041977,0.17217408120632172,False,False,False
small,pca,4,4,0.0027886852622032166,0.00029212143272161484,,12.401215805471125,0.33893251419067383,2.760190963745117,871.8593139648438,0.07713836431503296,0.1320246309041977,0.17217408120632172,False,False,False
small,siren,0,0,37.50483461562544,0.005090395919978619,90.806640625,2.919769938243791,0.2747325599193573,2.210725784301758,1207450.0,0.07713836431503296,0.1320246309041977,0.17217408120632172,False,False,False
small,siren,1,1,37.26975589059293,0.004522055387496948,90.806640625,2.919769938243791,0.27690860629081726,1.9447174072265625,1230592.75,0.07713836431503296,0.1320246309041977,0.17217408120632172,False,False,False
small,siren,2,2,34.72495579253882,0.004445809870958328,90.806640625,2.919769938243791,0.243211030960083,2.1927833557128906,901588.625,0.07713836431503296,0.1320246309041977,0.17217408120632172,False,False,False
small,siren,3,3,37.169460403732955,0.004422795958817005,90.806640625,2.919769938243791,0.26475051045417786,2.2313365936279297,1074758.25,0.07713836431503296,0.1320246309041977,0.17217408120632172,False,False,False
small,siren,4,4,36.01649536937475,0.0054429685696959496,90.806640625,2.919769938243791,0.2875686287879944,2.014026641845703,1343173.125,0.07713836431503296,0.1320246309041977,0.17217408120632172,False,False,False
small,hashgrid,0,0,468.42164540756494,0.03696970548480749,47.34130859375,8.156978896704924,1.0682731866836548,6.248685836791992,7875296.5,0.07713836431503296,0.1320246309041977,0.17217408120632172,False,False,False
small,hashgrid,1,1,476.7621429320425,0.03763328120112419,47.34130859375,8.156978896704924,1.2721980810165405,7.599420547485352,12221116.0,0.07713836431503296,0.1320246309041977,0.17217408120632172,False,False,False
small,hashgrid,2,2,467.7761952308938,0.034754629246890545,47.34130859375,8.156978896704924,1.0919283628463745,6.28880500793457,8652483.0,0.07713836431503296,0.1320246309041977,0.17217408120632172,False,False,False
small,hashgrid,3,3,476.6100986134261,0.03471487946808338,47.34130859375,8.156978896704924,1.2469754219055176,7.3755340576171875,11815295.0,0.07713836431503296,0.1320246309041977,0.17217408120632172,False,False,False
small,hashgrid,4,4,457.17190481722355,0.03478689678013325,47.34130859375,8.156978896704924,1.118630051612854,5.867185592651367,9291073.0,0.07713836431503296,0.1320246309041977,0.17217408120632172,False,False,False
medium,pca,0,0,0.6413623467087746,0.10017294343560934,,48.84581497797357,0.7579318881034851,6.5710601806640625,1739533.125,0.06347346305847168,0.15628747642040253,0.20249827206134796,False,False,False
medium,pca,1,1,0.450298061594367,0.09551074542105198,,48.84581497797357,0.7579318284988403,6.571054458618164,1739515.75,0.06347346305847168,0.15628747642040253,0.20249827206134796,False,False,False
medium,pca,2,2,0.5796716883778572,0.09640329517424107,,48.84581497797357,0.7579317092895508,6.5710296630859375,1739555.25,0.06347346305847168,0.15628747642040253,0.20249827206134796,False,False,False
medium,pca,3,3,0.46122701466083527,0.0987012479454279,,48.84581497797357,0.7579318284988403,6.571073532104492,1739528.125,0.06347346305847168,0.15628747642040253,0.20249827206134796,False,False,False
medium,pca,4,4,0.35274446848779917,0.09906200412660837,,48.84581497797357,0.7579318284988403,6.571056365966797,1739516.75,0.06347346305847168,0.15628747642040253,0.20249827206134796,False,False,False
medium,siren,0,0,78.75261111930013,0.05368876177817583,111.00048828125,36.73566752365554,0.842241644859314,5.503353118896484,783830144.0,0.06347346305847168,0.15628747642040253,0.20249827206134796,False,False,False
medium,siren,1,1,77.45756404008716,0.05333320330828428,111.587890625,36.73566752365554,0.8397283554077148,5.870309829711914,764872192.0,0.06347346305847168,0.15628747642040253,0.20249827206134796,False,False,False
medium,siren,2,2,73.82335388846695,0.05919475108385086,111.587890625,36.73566752365554,0.8349076509475708,6.097188949584961,729926976.0,0.06347346305847168,0.15628747642040253,0.20249827206134796,False,False,False
medium,siren,3,3,64.40191156044602,0.05654309317469597,111.587890625,36.73566752365554,0.8331325650215149,5.212512969970703,814869632.0,0.06347346305847168,0.15628747642040253,0.20249827206134796,False,False,False
medium,siren,4,4,63.65856254193932,0.05717531871050596,111.587890625,36.73566752365554,0.8136186599731445,5.5044097900390625,684913472.0,0.06347346305847168,0.15628747642040253,0.20249827206134796,False,False,False
medium,hashgrid,0,0,719.3446941040456,0.5606809491291642,72.0693359375,8.181383515633762,1.8200939893722534,12.51080322265625,4493407744.0,0.06347346305847168,0.15628747642040253,0.20249827206134796,False,False,False
medium,hashgrid,1,1,738.7730737058446,0.4175308672711253,72.0693359375,8.181383515633762,1.8304057121276855,14.138439178466797,4590207488.0,0.06347346305847168,0.15628747642040253,0.20249827206134796,False,False,False
medium,hashgrid,2,2,760.6161084659398,0.4175831563770771,72.0693359375,8.181383515633762,1.8188499212265015,11.916154861450195,4433334784.0,0.06347346305847168,0.15628747642040253,0.20249827206134796,False,False,False
medium,hashgrid,3,3,747.7230372941121,0.43533786199986935,72.0693359375,8.181383515633762,1.830549716949463,12.995342254638672,4532346880.0,0.06347346305847168,0.15628747642040253,0.20249827206134796,False,False,False
medium,hashgrid,4,4,750.1154899680987,0.42691448982805014,72.0693359375,8.181383515633762,1.815453290939331,14.783029556274414,4455422976.0,0.06347346305847168,0.15628747642040253,0.20249827206134796,False,False,False
large,pca,0,0,0.8681383496150374,0.10290218703448772,,58.067246649423936,0.7369968891143799,8.088970184326172,15036004.0,0.06200242042541504,0.13450056314468384,0.1710219830274582,False,False,False
large,pca,1,1,0.7896919678896666,0.1909640021622181,,58.067246649423936,0.7369970083236694,8.088966369628906,15035905.0,0.06200242042541504,0.13450056314468384,0.1710219830274582,False,False,False
large,pca,2,2,0.6903345892205834,0.1821805750951171,,58.067246649423936,0.7369970679283142,8.088973999023438,15035858.0,0.06200242042541504,0.13450056314468384,0.1710219830274582,False,False,False
large,pca,3,3,0.8077589562162757,0.18728237692266703,,58.067246649423936,0.7369971871376038,8.088970184326172,15035804.0,0.06200242042541504,0.13450056314468384,0.1710219830274582,False,False,False
large,pca,4,4,0.9401706056669354,0.10223626997321844,,58.067246649423936,0.7369969487190247,8.088973999023438,15036043.0,0.06200242042541504,0.13450056314468384,0.1710219830274582,False,False,False
large,siren,0,0,203.007529810071,0.151852591894567,145.650390625,98.18442047231572,0.9123069047927856,9.216392517089844,4074599168.0,0.06200242042541504,0.13450056314468384,0.1710219830274582,False,False,False
large,siren,1,1,210.9951798794791,0.1506108045578003,145.650390625,98.18442047231572,0.9050560593605042,8.438247680664062,3913571072.0,0.06200242042541504,0.13450056314468384,0.1710219830274582,False,False,False
large,siren,2,2,208.91493412293494,0.15085304249078035,145.650390625,98.18442047231572,0.8976438045501709,8.421672821044922,3928017152.0,0.06200242042541504,0.13450056314468384,0.1710219830274582,False,False,False
large,siren,3,3,201.23518300894648,0.15014245733618736,145.650390625,98.18442047231572,0.9018366932868958,8.57382583618164,3782189312.0,0.06200242042541504,0.13450056314468384,0.1710219830274582,False,False,False
large,siren,4,4,207.0080807376653,0.14851330500096083,145.650390625,98.18442047231572,0.9013920426368713,8.65524673461914,3902428416.0,0.06200242042541504,0.13450056314468384,0.1710219830274582,False,False,False
large,hashgrid,0,0,2386.956283889711,1.3325758343562484,113.20361328125,9.283256607717002,1.258865475654602,8.759130477905273,13928579072.0,0.06200242042541504,0.13450056314468384,0.1710219830274582,False,False,False
large,hashgrid,1,1,2379.7606839342043,1.3052486730739474,113.20361328125,9.283256607717002,1.1867375373840332,9.956563949584961,11959510016.0,0.06200242042541504,0.13450056314468384,0.1710219830274582,False,False,False
large,hashgrid,2,2,2348.366040930152,1.3412822131067514,113.20361328125,9.283256607717002,1.2178162336349487,10.217323303222656,12801980416.0,0.06200242042541504,0.13450056314468384,0.1710219830274582,False,False,False
large,hashgrid,3,3,2291.5968647925183,1.310866647399962,113.20361328125,9.283256607717002,1.20877206325531,9.490386962890625,12483407872.0,0.06200242042541504,0.13450056314468384,0.1710219830274582,False,False,False
large,hashgrid,4,4,2289.349609211087,1.3171683922410011,113.20361328125,9.283256607717002,1.2376986742019653,9.749462127685547,13188970496.0,0.06200242042541504,0.13450056314468384,0.1710219830274582,False,False,False
