encode_ms,decode_ms,rmse,encode_peak_tracemalloc_mb,decode_peak_tracemalloc_mb,encode_peak_rss_delta_mb,decode_peak_rss_delta_mb,compression_ratio,domain,repeat,shape,data_mb,field_mean,field_std,nrmse
2.7038268744945526,0.31567737460136414,0.33893251419067383,0.6176671981811523,0.9893989562988281,0.0,0.0,12.401215805471125,small,0,9x17x720,0.42022705078125,22.772682189941406,4.595339775085449,0.0737557026856347
2.600502222776413,0.3027766942977905,0.33893248438835144,0.6171388626098633,0.9564647674560547,0.0,0.0,12.401215805471125,small,1,9x17x720,0.42022705078125,22.772682189941406,4.595339775085449,0.07375569620029872
2.5132596492767334,0.2557896077632904,0.33893251419067383,0.614201545715332,0.9567470550537109,0.0,0.0,12.401215805471125,small,2,9x17x720,0.42022705078125,22.772682189941406,4.595339775085449,0.0737557026856347
2.7894973754882812,0.2667531371116638,0.33893251419067383,0.6445503234863281,0.9880619049072266,0.0,0.0,12.401215805471125,small,3,9x17x720,0.42022705078125,22.772682189941406,4.595339775085449,0.0737557026856347
2.6696808636188507,23.92389252781868,0.33893248438835144,0.6451225280761719,0.9875516891479492,0.0,0.0,12.401215805471125,small,4,9x17x720,0.42022705078125,22.772682189941406,4.595339775085449,0.07375569620029872
647.9336135089397,104.91913184523582,0.7579318881034851,5.841732025146484,10.863984107971191,0.0,0.0,48.84581497797357,medium,0,25x77x720,5.28717041015625,21.74749755859375,6.857489585876465,0.1105261449706763
740.5808642506599,100.75322911143303,0.7579317688941956,5.842080116271973,10.830970764160156,0.0,0.0,48.84581497797357,medium,1,25x77x720,5.28717041015625,21.74749755859375,6.857489585876465,0.11052612758686724
855.8855317533016,102.32388973236084,0.7579317688941956,5.810437202453613,10.86385440826416,0.0,0.0,48.84581497797357,medium,2,25x77x720,5.28717041015625,21.74749755859375,6.857489585876465,0.11052612758686724
729.2248941957951,195.2822282910347,0.7579317688941956,5.810355186462402,10.863360404968262,0.0,0.0,48.84581497797357,medium,3,25x77x720,5.28717041015625,21.74749755859375,6.857489585876465,0.11052612758686724
613.0772642791271,103.24229672551155,0.7579318881034851,5.8419294357299805,10.863329887390137,0.0,0.0,48.84581497797357,medium,4,25x77x720,5.28717041015625,21.74749755859375,6.857489585876465,0.1105261449706763
831.7836634814739,1479.409210383892,0.7369969487190247,15.448647499084473,28.80945110321045,0.0,0.0,58.067246649423936,large,0,49x105x720,14.13116455078125,24.706266403198242,6.529546737670898,0.11287107334220765
746.0321970283985,97.69242256879807,0.736997127532959,15.417032241821289,28.809792518615723,0.0,0.0,58.067246649423936,large,1,49x105x720,14.13116455078125,24.706266403198242,6.529546737670898,0.11287110072755942
835.192795842886,188.07929381728172,0.7369969487190247,15.415921211242676,28.809426307678223,0.0,0.0,58.067246649423936,large,2,49x105x720,14.13116455078125,24.706266403198242,6.529546737670898,0.11287107334220765
740.5609004199505,286.02833300828934,0.7369968891143799,15.415877342224121,28.809229850769043,0.0,0.0,58.067246649423936,large,3,49x105x720,14.13116455078125,24.706266403198242,6.529546737670898,0.11287106421375706
933.5911981761456,185.08067354559898,0.7369969487190247,15.416240692138672,28.809229850769043,0.0,0.0,58.067246649423936,large,4,49x105x720,14.13116455078125,24.706266403198242,6.529546737670898,0.11287107334220765
